"Var1","Freq"
"0 - 15 Days ~ Rarely",3.03030303030303
"15 - 25 Days ~ Often",9.09090909090909
"25+ Days ~ Regularly",87.8787878787879
